<?xml version="1.0" encoding="UTF-8"?>
<project-private xmlns="http://www.netbeans.org/ns/project-private/1">
    <editor-bookmarks xmlns="http://www.netbeans.org/ns/editor-bookmarks/2" lastBookmarkId="0"/>
    <open-files xmlns="http://www.netbeans.org/ns/projectui-open-files/2">
        <group>
            <file>file:/home/barry/MATC/SP2020/Java/Molina_Relativity/src/molina_relativity/BuildTables.java</file>
            <file>file:/home/barry/MATC/SP2020/Java/Molina_Relativity/src/molina_relativity/AstronautGUI.java</file>
            <file>file:/home/barry/MATC/SP2020/Java/Molina_Relativity/src/molina_relativity/Astronaut.java</file>
            <file>file:/home/barry/MATC/SP2020/Java/Molina_Relativity/src/molina_relativity/Molina_Relativity.java</file>
            <file>file:/home/barry/MATC/SP2020/Java/Molina_Relativity/src/molina_relativity/CRUD.java</file>
        </group>
    </open-files>
</project-private>
