<?xml version="1.0" encoding="UTF-8"?>
<project-private xmlns="http://www.netbeans.org/ns/project-private/1">
    <editor-bookmarks xmlns="http://www.netbeans.org/ns/editor-bookmarks/2" lastBookmarkId="0"/>
    <open-files xmlns="http://www.netbeans.org/ns/projectui-open-files/2">
        <group>
            <file>file:/Users/barrymolina/MATC/SP2020/Java/molina_OfAKind/src/molina_OfAKind/molina_OfAKind.java</file>
            <file>file:/Users/barrymolina/MATC/SP2020/Java/molina_OfAKind/src/molina_OfAKind/Admin.java</file>
            <file>file:/Users/barrymolina/MATC/SP2020/Java/molina_OfAKind/src/molina_OfAKind/SoundUtils.java</file>
            <file>file:/Users/barrymolina/MATC/SP2020/Java/molina_OfAKind/src/molina_OfAKind/Game.java</file>
        </group>
    </open-files>
</project-private>
