<?xml version="1.0" encoding="UTF-8"?>
<project-private xmlns="http://www.netbeans.org/ns/project-private/1">
    <editor-bookmarks xmlns="http://www.netbeans.org/ns/editor-bookmarks/2" lastBookmarkId="0"/>
    <open-files xmlns="http://www.netbeans.org/ns/projectui-open-files/2">
        <group>
            <file>file:/Users/barrymolina/MATC/SP2020/Java/Molina_DriverExam/src/molina_driverexam/DriverExam.java</file>
            <file>file:/Users/barrymolina/MATC/SP2020/Java/Molina_DriverExam/src/molina_driverexam/ExamDemo.java</file>
            <file>file:/Users/barrymolina/MATC/SP2020/Java/Molina_DriverExam/src/molina_driverexam/Molina_DriverExam.java</file>
        </group>
    </open-files>
</project-private>
