<?xml version="1.0" encoding="UTF-8"?>
<project-private xmlns="http://www.netbeans.org/ns/project-private/1">
    <editor-bookmarks xmlns="http://www.netbeans.org/ns/editor-bookmarks/2" lastBookmarkId="0"/>
    <open-files xmlns="http://www.netbeans.org/ns/projectui-open-files/2">
        <group>
            <file>file:/Users/barrymolina/MATC/SP2020/Java/Molina_MonsterMash/src/molina_monstermash/Balrog.java</file>
            <file>file:/Users/barrymolina/MATC/SP2020/Java/Molina_MonsterMash/src/molina_monstermash/Monster.java</file>
            <file>file:/Users/barrymolina/MATC/SP2020/Java/Molina_MonsterMash/src/molina_monstermash/Vampire.java</file>
            <file>file:/Users/barrymolina/MATC/SP2020/Java/Molina_MonsterMash/src/molina_monstermash/Molina_MonsterMash.java</file>
            <file>file:/Users/barrymolina/MATC/SP2020/Java/Molina_MonsterMash/src/molina_monstermash/Werewolf.java</file>
            <file>file:/Users/barrymolina/MATC/SP2020/Java/Molina_MonsterMash/src/molina_monstermash/Demogorgon.java</file>
            <file>file:/Users/barrymolina/MATC/SP2020/Java/Molina_MonsterMash/src/molina_monstermash/Admin.java</file>
            <file>file:/Users/barrymolina/MATC/SP2020/Java/Molina_MonsterMash/src/molina_monstermash/Controller.java</file>
            <file>file:/Users/barrymolina/MATC/SP2020/Java/Molina_MonsterMash/src/molina_monstermash/AudioAsync.java</file>
        </group>
    </open-files>
</project-private>
