<?xml version="1.0" encoding="UTF-8"?>
<project-private xmlns="http://www.netbeans.org/ns/project-private/1">
    <editor-bookmarks xmlns="http://www.netbeans.org/ns/editor-bookmarks/2" lastBookmarkId="0"/>
    <open-files xmlns="http://www.netbeans.org/ns/projectui-open-files/2">
        <group>
            <file>file:/Users/barrymolina/MATC/SP2020/Java/Molina_ZooKeeper/src/molina_zookeeper/Zoo.java</file>
            <file>file:/Users/barrymolina/MATC/SP2020/Java/Molina_ZooKeeper/src/molina_zookeeper/Mammal.java</file>
            <file>file:/Users/barrymolina/MATC/SP2020/Java/Molina_ZooKeeper/src/molina_zookeeper/Admin.java</file>
            <file>file:/Users/barrymolina/MATC/SP2020/Java/Molina_ZooKeeper/src/molina_zookeeper/Animal.java</file>
            <file>file:/Users/barrymolina/MATC/SP2020/Java/Molina_ZooKeeper/src/molina_zookeeper/Molina_ZooKeeper.java</file>
            <file>file:/Users/barrymolina/MATC/SP2020/Java/Molina_ZooKeeper/src/molina_zookeeper/Reptile.java</file>
            <file>file:/Users/barrymolina/MATC/SP2020/Java/Molina_ZooKeeper/src/molina_zookeeper/Bird.java</file>
            <file>file:/Users/barrymolina/MATC/SP2020/Java/Molina_ZooKeeper/src/molina_zookeeper/Controller.java</file>
        </group>
    </open-files>
</project-private>
