<?xml version="1.0" encoding="UTF-8"?>
<project-private xmlns="http://www.netbeans.org/ns/project-private/1">
    <editor-bookmarks xmlns="http://www.netbeans.org/ns/editor-bookmarks/2" lastBookmarkId="0"/>
    <open-files xmlns="http://www.netbeans.org/ns/projectui-open-files/2">
        <group>
            <file>file:/Users/barrymolina/MATC/SP2020/Java/Molina_GroceryList/src/molina_grocerylist/Admin.java</file>
            <file>file:/Users/barrymolina/MATC/SP2020/Java/Molina_GroceryList/src/molina_grocerylist/List.java</file>
            <file>file:/Users/barrymolina/MATC/SP2020/Java/Molina_GroceryList/src/molina_grocerylist/Molina_GroceryList.java</file>
            <file>file:/Users/barrymolina/MATC/SP2020/Java/Molina_GroceryList/src/molina_grocerylist/ListApp.java</file>
        </group>
    </open-files>
</project-private>
