<?xml version="1.0" encoding="UTF-8"?>
<project-private xmlns="http://www.netbeans.org/ns/project-private/1">
    <editor-bookmarks xmlns="http://www.netbeans.org/ns/editor-bookmarks/2" lastBookmarkId="0"/>
    <open-files xmlns="http://www.netbeans.org/ns/projectui-open-files/2">
        <group>
            <file>file:/Users/barrymolina/MATC/SP2020/Java/Molina_AnimalFarm/src/molina_animalfarm/Chicken.java</file>
            <file>file:/Users/barrymolina/MATC/SP2020/Java/Molina_AnimalFarm/src/molina_animalfarm/Admin.java</file>
            <file>file:/Users/barrymolina/MATC/SP2020/Java/Molina_AnimalFarm/src/molina_animalfarm/Animal.java</file>
            <file>file:/Users/barrymolina/MATC/SP2020/Java/Molina_AnimalFarm/src/molina_animalfarm/Molina_AnimalFarm.java</file>
            <file>file:/Users/barrymolina/MATC/SP2020/Java/Molina_AnimalFarm/src/molina_animalfarm/Columbia.java</file>
            <file>file:/Users/barrymolina/MATC/SP2020/Java/Molina_AnimalFarm/src/molina_animalfarm/Sheep.java</file>
            <file>file:/Users/barrymolina/MATC/SP2020/Java/Molina_AnimalFarm/src/molina_animalfarm/AnimalFarm.java</file>
        </group>
    </open-files>
</project-private>
